Workbook

Sheet Estimator
A1: Select Facility and Kitchen Type | B1: MC1 - Hot Kitchens | C1: <----- Input Only Here | G1: Important Points
A2: Description | B2: Highest Charge | C2: Highest Charged Month | D2: Lowest Charge | E2: Lowest Charged Month | F2: Average - 12 months | G2: 1. Direct Utilities are subjective to consumption based on individual meter
A4: Direct Gas | B4: {=MAX(INDIRECT("'" & $B$1 & "'!B2:Z2"))} -> 2727.87 | C4: =IFERROR( INDEX(INDIRECT("'"&$B$1&"'!1:1"), 1, MATCH( TRUE, MMULT( TRANSPOSE(--(UPPER(INDIRECT("'"&$B$1&"'!A:Z"))=UPPER(TRIM(B4)))), SEQUENCE(ROWS(INDIRECT("'"&$B$1&"'!A:Z")),1,1,0)*0+1 )>0, 0) ), "Not found") -> 45748 | D4: {=MIN(INDIRECT("'" & $B$1 & "'!B2:Z2"))} -> 1875.31 | E4: =IFERROR( INDEX(INDIRECT("'"&$B$1&"'!1:1"), 1, MATCH( TRUE, MMULT( TRANSPOSE(--(UPPER(INDIRECT("'"&$B$1&"'!A:Z"))=UPPER(TRIM(D4)))), SEQUENCE(ROWS(INDIRECT("'"&$B$1&"'!A:Z")),1,1,0)*0+1 )>0, 0) ), "Not found") -> 45717 | F4: {=AVERAGE(INDIRECT("'" & $B$1 & "'!B2:Z2"))} -> 2493.5015 | G4: 2. Extration Electricity is only for hot kitchens
A5: Direct Elec | B5: {=MAX(INDIRECT("'" & $B$1 & "'!$B3:$Z3"))} -> 489.14 | C5: =IFERROR( INDEX(INDIRECT("'"&$B$1&"'!1:1"), 1, MATCH( TRUE, MMULT( TRANSPOSE(--(UPPER(INDIRECT("'"&$B$1&"'!A:Z"))=UPPER(TRIM(B5)))), SEQUENCE(ROWS(INDIRECT("'"&$B$1&"'!A:Z")),1,1,0)*0+1 )>0, 0) ), "Not found") -> 45870 | D5: {=MIN(INDIRECT("'" & $B$1 & "'!$B3:$Z3"))} -> 304.86 | E5: =IFERROR( INDEX(INDIRECT("'"&$B$1&"'!1:1"), 1, MATCH( TRUE, MMULT( TRANSPOSE(--(UPPER(INDIRECT("'"&$B$1&"'!A:Z"))=UPPER(TRIM(D5)))), SEQUENCE(ROWS(INDIRECT("'"&$B$1&"'!A:Z")),1,1,0)*0+1 )>0, 0) ), "Not found") -> 45717 | F5: {=AVERAGE(INDIRECT("'" & $B$1 & "'!$B3:$Z3"))} -> 432.01059 | G5: 3. Others include - Water, Facility Cleaning, Garbage Collection, Maintenance, Internet, Pest Control and Sewage
A6: Shared Electricity (Extraction, AC, Common Area) | B6: {=MAX(INDIRECT("'" & $B$1 & "'!$B4:$Z4"))} -> 1081.34 | C6: =IFERROR( INDEX(INDIRECT("'"&$B$1&"'!1:1"), 1, MATCH( TRUE, MMULT( TRANSPOSE(--(UPPER(INDIRECT("'"&$B$1&"'!A:Z"))=UPPER(TRIM(B6)))), SEQUENCE(ROWS(INDIRECT("'"&$B$1&"'!A:Z")),1,1,0)*0+1 )>0, 0) ), "Not found") -> 46082 | D6: {=MIN(INDIRECT("'" & $B$1 & "'!$B4:$Z4"))} -> 753.62 | E6: =IFERROR( INDEX(INDIRECT("'"&$B$1&"'!1:1"), 1, MATCH( TRUE, MMULT( TRANSPOSE(--(UPPER(INDIRECT("'"&$B$1&"'!A:Z"))=UPPER(TRIM(D6)))), SEQUENCE(ROWS(INDIRECT("'"&$B$1&"'!A:Z")),1,1,0)*0+1 )>0, 0) ), "Not found") -> 45778 | F6: {=AVERAGE(INDIRECT("'" & $B$1 & "'!$B4:$Z4"))} -> 896.72692
A7: Chilled Water | B7: {=MAX(INDIRECT("'" & $B$1 & "'!$B5:$Z5"))} -> 3381.02 | C7: =IFERROR( INDEX(INDIRECT("'"&$B$1&"'!1:1"), 1, MATCH( TRUE, MMULT( TRANSPOSE(--(UPPER(INDIRECT("'"&$B$1&"'!A:Z"))=UPPER(TRIM(B7)))), SEQUENCE(ROWS(INDIRECT("'"&$B$1&"'!A:Z")),1,1,0)*0+1 )>0, 0) ), "Not found") -> 45901 | D7: {=MIN(INDIRECT("'" & $B$1 & "'!$B5:$Z5"))} -> 765 | E7: =IFERROR( INDEX(INDIRECT("'"&$B$1&"'!1:1"), 1, MATCH( TRUE, MMULT( TRANSPOSE(--(UPPER(INDIRECT("'"&$B$1&"'!A:Z"))=UPPER(TRIM(D7)))), SEQUENCE(ROWS(INDIRECT("'"&$B$1&"'!A:Z")),1,1,0)*0+1 )>0, 0) ), "Not found") -> 46023 | F7: {=AVERAGE(INDIRECT("'" & $B$1 & "'!$B5:$Z5"))} -> 1886.9456 | G7: 4. Maintenance include Duct cleaning (Hot only), Ecology and FAHU filter (Hot only), Water dispenser & Ice machine filter cost, Grease trap cleaning and Waste management (DSO only)
A8: Other (Pest, Maintainence, Internet, etc) | B8: {=MAX(INDIRECT("'" & $B$1 & "'!$B6:$Z6"))} -> 2055.59 | C8: =IFERROR( INDEX(INDIRECT("'"&$B$1&"'!1:1"), 1, MATCH( TRUE, MMULT( TRANSPOSE(--(UPPER(INDIRECT("'"&$B$1&"'!A:Z"))=UPPER(TRIM(B8)))), SEQUENCE(ROWS(INDIRECT("'"&$B$1&"'!A:Z")),1,1,0)*0+1 )>0, 0) ), "Not found") -> 46054 | D8: {=MIN(INDIRECT("'" & $B$1 & "'!$B6:$Z6"))} -> 1477.02 | E8: =IFERROR( INDEX(INDIRECT("'"&$B$1&"'!1:1"), 1, MATCH( TRUE, MMULT( TRANSPOSE(--(UPPER(INDIRECT("'"&$B$1&"'!A:Z"))=UPPER(TRIM(D8)))), SEQUENCE(ROWS(INDIRECT("'"&$B$1&"'!A:Z")),1,1,0)*0+1 )>0, 0) ), "Not found") -> 45809 | F8: {=AVERAGE(INDIRECT("'" & $B$1 & "'!$B6:$Z6"))} -> 1834.6531
A9: Total | B9: =SUM(B4:B8) -> 9734.96 | D9: =SUM(D4:D8) -> 5175.81 | F9: =SUM(F4:F8) -> 7543.8377
A10: Total - Shared Only (Other + Chilled Water + Shared Elec) | B10: =sum(B6:B8) -> 6517.95 | D10: =sum(D6:D8) -> 2995.64 | F10: =sum(F6:F8) -> 4618.3256

Sheet Helper
A1: {=INDIRECT("'" & Estimator!B1 & "'!A1:Z100")} -> Description | B1: 45717 | C1: 45748 | D1: 45778 | E1: 45809 | F1: 45839 | G1: 45870 | H1: 45901 | I1: 45931 | J1: 45962 | K1: 45992 | L1: 46023 | M1: 46054 | N1: 46082
A2: Direct Gas | B2: 1875.31 | C2: 2727.87 | D2: 2486.98 | E2: 2385.73 | F2: 2265.25 | G2: 2698.47 | H2: 2589.67 | I2: 2590.8 | J2: 2520 | K2: 2537.25 | L2: 2675.38 | M2: 2555.31 | N2: 2507.5
A3: Direct Elec | B3: 304.86 | C3: 423.02769 | D3: 410.5 | E3: 413.92 | F3: 416.5 | G3: 489.14 | H3: 448.1 | I3: 482.02 | J3: 433.78 | K3: 441.99 | L3: 473.74 | M3: 441.16 | N3: 437.4
A4: Shared Electricity (Extraction (hot), AC, Common Area) | B4: 865.17 | C4: 880.13 | D4: 753.62 | E4: 871.15 | F4: 818.17 | G4: 984.44 | H4: 1041.56 | I4: 842.17 | J4: 884.03 | K4: 756.16 | L4: 825.55 | M4: 1053.96 | N4: 1081.34
A5: Chilled Water | B5: 1117.54 | C5: 1658.7827 | D5: 2290.93 | E5: 2376.58 | F5: 2598.07 | G5: 3348.51 | H5: 3381.02 | I5: 2115.69 | J5: 1699.61 | K5: 1207.9 | L5: 765 | M5: 925.98 | N5: 1044.68
A6: Other (Pest, Maintainence, Internet, etc) | B6: 1832.72 | C6: 1837.68 | D6: 1817.08 | E6: 1477.02 | F6: 1770.83 | G6: 1819.6 | H6: 1948.17 | I6: 1886.31 | J6: 1945.8 | K6: 1525.2 | L6: 1955.27 | M6: 2055.59 | N6: 1979.22

Sheet Copy of Helper
A1: Description | B1: =Helper!B1 -> 45717 | C1: =Helper!C1 -> 45748 | D1: =Helper!D1 -> 45778 | E1: =Helper!E1 -> 45809 | F1: =Helper!F1 -> 45839 | G1: =Helper!G1 -> 45870 | H1: =Helper!H1 -> 45901 | I1: =Helper!I1 -> 45931 | ... N1: =Helper!N1 -> 46082
A2: Shared Electricity (Extraction (hot), AC, Common Area) | B2: =Helper!B4 -> 865.17 | C2: =Helper!C4 -> 880.13 | D2: =Helper!D4 -> 753.62 | E2: =Helper!E4 -> 871.15 | F2: =Helper!F4 -> 818.17 | G2: =Helper!G4 -> 984.44 | H2: =Helper!H4 -> 1041.56 | I2: =Helper!I4 -> 842.17 | ... N2: =Helper!N4 -> 1081.34
A3: Chilled Water | B3: =Helper!B5 -> 1117.54 | C3: =Helper!C5 -> 1658.7827 | D3: =Helper!D5 -> 2290.93 | E3: =Helper!E5 -> 2376.58 | F3: =Helper!F5 -> 2598.07 | G3: =Helper!G5 -> 3348.51 | H3: =Helper!H5 -> 3381.02 | I3: =Helper!I5 -> 2115.69 | ... N3: =Helper!N5 -> 1044.68
A4: Other (Pest, Maintainence, Internet, etc) | B4: =Helper!B6 -> 1832.72 | C4: =Helper!C6 -> 1837.68 | D4: =Helper!D6 -> 1817.08 | E4: =Helper!E6 -> 1477.02 | F4: =Helper!F6 -> 1770.83 | G4: =Helper!G6 -> 1819.6 | H4: =Helper!H6 -> 1948.17 | I4: =Helper!I6 -> 1886.31 | ... N4: =Helper!N6 -> 1979.22

Sheet COL - Hot Kitchens
A1: Description | B1: 45717 | C1: 45748 | D1: 45778 | E1: 45809 | F1: 45839 | G1: 45870 | H1: 45901 | I1: 45931 | J1: 45962 | K1: 45992 | L1: 46023 | M1: 46054 | N1: 46082
A2: Direct Gas | B2: 843.97 | C2: 1268.16 | D2: 1193.46 | E2: 1274.81 | F2: 1192.82 | G2: 1367.6092 | H2: 1473.06 | I2: 1601.85 | J2: 1552.66 | K2: 1276.92 | L2: 1226.2 | M2: 1926.18 | N2: 1393.93
A3: Direct Elec | B3: 84.43 | C3: 132.63 | D3: 159.46 | E3: 150.59 | F3: 151.1 | G3: 165.25846 | H3: 177.68 | I3: 170.96 | J3: 155.7 | K3: 146.94 | L3: 120.55 | M3: 177.93 | N3: 132.42
A4: Shared Electricity (Extraction (hot), AC, Common Area) | B4: 248.27 | C4: 281.02 | D4: 302.89 | E4: 325.69 | F4: 294.27 | G4: 461.32 | H4: 358.33 | I4: 378.96 | J4: 410.28 | K4: 313.49 | L4: 231.22 | M4: 376.87 | N4: 468.02
A5: Chilled Water | B5: 80.95 | C5: 93.23 | D5: 181.99 | E5: 377.3 | F5: 627.9 | G5: 942.19471 | H5: 1246.73 | I5: 1092.34 | J5: 1078.36 | K5: 489.01 | L5: 247.65 | M5: 225.97 | N5: 367.14
A6: Other (Pest, Maintainence, Internet, etc) | B6: 1002.54 | C6: 1262.35 | D6: 1195.24 | E6: 1136.55 | F6: 1063.41 | G6: 1072.46 | H6: 1204.99 | I6: 1171.54 | J6: 1007.85 | K6: 1132.36 | L6: 1491.92 | M6: 1166.66 | N6: 1110.85

Sheet COL - Cold Kitchens
A1: Description | B1: 45717 | C1: 45748 | D1: 45778 | E1: 45809 | F1: 45839 | G1: 45870 | H1: 45901 | I1: 45931 | J1: 45962 | K1: 45992 | L1: 46023 | M1: 46054 | N1: 46082
A2: Direct Gas | B2: 0 | C2: 0 | D2: 0 | E2: 0 | F2: 0 | G2: 0 | H2: 0 | I2: 0 | J2: 0 | K2: 0 | L2: 0 | M2: 0 | N2: 0
A3: Direct Elec | B3: 33.25 | C3: 41.43 | D3: 48.24 | E3: 51.3 | F3: 43.36 | G3: 48.33 | H3: 44.98 | I3: 35.82 | J3: 34.73 | K3: 31.25 | L3: 28.95 | M3: 38.84 | N3: 18.13
A4: Shared Electricity (Extraction (hot), AC, Common Area) | B4: 77.75 | C4: 66.57 | D4: 90.42 | E4: 75.1 | F4: 63 | G4: 72.61 | H4: 61.03 | I4: 64.54 | J4: 69.88 | K4: 53.4 | L4: 39.38 | M4: 72.49 | N4: 76.07
A5: Chilled Water | B5: 18.91 | C5: 24.36 | D5: 46.78 | E5: 93.56 | F5: 233.89 | G5: 270.84 | H5: 397.61 | I5: 350.84 | J5: 350.84 | K5: 163.72 | L5: 78.62 | M5: 69.38 | N5: 125.32
A6: Other (Pest, Maintainence, Internet, etc) | B6: 588.22 | C6: 754.71 | D6: 702.18 | E6: 725.31 | F6: 628.35 | G6: 633.42 | H6: 707.63 | I6: 688.9 | J6: 522.2 | K6: 575.07 | L6: 868.32 | M6: 686.17 | N6: 654.92

Sheet Bur1 - Hot Kitchens
A1: Description | B1: 45717 | C1: 45748 | D1: 45778 | E1: 45809 | F1: 45839 | G1: 45870 | H1: 45901 | I1: 45931 | J1: 45962 | K1: 45992 | L1: 46023 | M1: 46054 | N1: 46082
A2: Direct Gas | B2: 690.35 | C2: 902.51 | D2: 908.14 | E2: 946.44 | F2: 875.18 | G2: 863.59462 | H2: 1153.55 | I2: 883.09 | J2: 1100.12 | K2: 1189.88 | L2: 396.47 | M2: 767.02 | N2: 874.1
A3: Direct Elec | B3: 248.25 | C3: 263.52 | D3: 269.7 | E3: 295.91 | F3: 385.02 | G3: 311.97692 | H3: 355.26 | I3: 293.91 | J3: 323.66 | K3: 308.43 | L3: 258 | M3: 348.94 | N3: 365.53
A4: Shared Electricity (Extraction (hot), AC, Common Area) | B4: 874.73 | C4: 1066.66 | D4: 2012.03 | E4: 2793.58 | F4: 3392.12 | G4: 2735.91 | H4: 3866.12 | I4: 3603.82 | J4: 2767.9 | K4: 1552.17 | L4: 1192.09 | M4: 1087.51 | N4: 986.58
A5: Chilled Water | B5: 289.06 | C5: 467.45 | D5: 732.03 | E5: 1274.8 | F5: 1266.6 | G5: 1798.9666 | H5: 1499.87 | I5: 1475.98 | J5: 1121.57 | K5: 402.57 | L5: 480.72 | M5: 484.73 | N5: 434.75
A6: Other (Pest, Maintainence, Internet, etc) | B6: 1130.43 | C6: 1132.02 | D6: 1155.68 | E6: 1483.59 | F6: 1178.12 | G6: 1214.42 | H6: 1202.22 | I6: 1277.98 | J6: 1233.59 | K6: 1218.39 | L6: 1253.54 | M6: 1209.96 | N6: 1163.04

Sheet BB1 - Hot Kitchens
A1: Description | B1: 45717 | C1: 45748 | D1: 45778 | E1: 45809 | F1: 45839 | G1: 45870 | H1: 45901 | I1: 45931 | J1: 45962 | K1: 45992 | L1: 46023 | M1: 46054 | N1: 46082
A2: Direct Gas | B2: 989.48 | C2: 1691.58 | D2: 1758.89 | E2: 1567.12 | F2: 1351.35 | G2: 1620.7922 | H2: 1355.76 | I2: 1350.11 | J2: 1482.38 | K2: 1439.17 | L2: 1475.13 | M2: 1758.46 | N2: 1436.43
A3: Direct Elec | B3: 339.53 | C3: 388.83 | D3: 336.17 | E3: 343.98 | F3: 320.1 | G3: 400.24278 | H3: 307.82 | I3: 318.24 | J3: 350.83 | K3: 384.47 | L3: 385.86 | M3: 498.13 | N3: 420.45
A4: Shared Electricity (Extraction (hot), AC, Common Area) | B4: 987.63 | C4: 1213.55 | D4: 1114.71 | E4: 1209.04 | F4: 1082.32 | G4: 1348.15 | H4: 1261.85 | I4: 1197.5 | J4: 1484.52 | K4: 1016.41 | L4: 1037.59 | M4: 1153.91 | N4: 1242.85
A5: Chilled Water | B5: 780.05 | C5: 1743.34 | D5: 2544.94 | E5: 2477.61 | F5: 3403.15 | G5: 4253.5455 | H5: 4194.5 | I5: 3466.02 | J5: 2282.88 | K5: 1415.25 | L5: 1022.63 | M5: 1434.43 | N5: 1492.27
A6: Other (Pest, Maintainence, Internet, etc) | B6: 1381.8 | C6: 1420.08 | D6: 1444.86 | E6: 1530.79 | F6: 1456.17 | G6: 1437.76 | H6: 1436.29 | I6: 1438.7 | J6: 1431.95 | K6: 1407.59 | L6: 1520.78 | M6: 1563.2 | N6: 1563.2

Sheet BB1 - Cold Kitchens
A1: Description | B1: 45717 | C1: 45748 | D1: 45778 | E1: 45809 | F1: 45839 | G1: 45870 | H1: 45901 | I1: 45931 | J1: 45962 | K1: 45992 | L1: 46023 | M1: 46054 | N1: 46082
A2: Direct Gas | B2: 0 | C2: 0 | D2: 0 | E2: 0 | F2: 0 | G2: 0 | H2: 0 | I2: 0 | J2: 0 | K2: 0 | L2: 0 | M2: 0 | N2: 0
A3: Direct Elec | B3: 131.37 | C3: 140.96 | D3: 168.64 | E3: 173.08 | F3: 167.8 | G3: 164.29 | H3: 178.23 | I3: 172.19 | J3: 188.78 | K3: 193.56 | L3: 186.39 | M3: 168.02 | N3: 123.33
A4: Shared Electricity (Extraction (hot), AC, Common Area) | B4: 160.41 | C4: 170.27 | D4: 181.01 | E4: 194.54 | F4: 175.76 | G4: 218.92 | H4: 204.91 | I4: 194.45 | J4: 241.06 | K4: 180.99 | L4: 189.42 | M4: 208.32 | N4: 201.82
A5: Chilled Water | B5: 101.92 | C5: 387.41 | D5: 632.72 | E5: 323.01 | F5: 482.04 | G5: 1015.5 | H5: 555.71 | I5: 851.41 | J5: 532.65 | K5: 183.39 | L5: 223.13 | M5: 277.65 | N5: 340.8
A6: Other (Pest, Maintainence, Internet, etc) | B6: 841.5 | C6: 895.41 | D6: 909.28 | E6: 893.57 | F6: 915.62 | G6: 905.3 | H6: 904.48 | I6: 905.83 | J6: 1196.06 | K6: 888.44 | L6: 951.81 | M6: 975.55 | N6: 975.55

Sheet BB2 - Hot Kitchens
A1: Description | B1: 45717 | C1: 45748 | D1: 45778 | E1: 45809 | F1: 45839 | G1: 45870 | H1: 45901 | I1: 45931 | J1: 45962 | K1: 45992 | L1: 46023 | M1: 46054 | N1: 46082
A2: Direct Gas | B2: 610.17 | C2: 636.88 | D2: 776.09 | E2: 392.01 | F2: 449.95 | G2: 569.41636 | H2: 1051.88 | I2: 1373.43 | J2: 1241.92 | K2: 1266.93 | L2: 1090.12 | M2: 1205.69 | N2: 743.11
A3: Direct Elec | B3: 231.63 | C3: 188.28 | D3: 228.61 | E3: 223.22 | F3: 235.01 | G3: 230.12545 | H3: 297.15 | I3: 318.4 | J3: 377.33 | K3: 359.64 | L3: 317.99 | M3: 441.74 | N3: 264.23
A4: Shared Electricity (Extraction (hot), AC, Common Area) | B4: 275.33 | C4: 397.4 | D4: 559.33 | E4: 651.99 | F4: 596.26 | G4: 589.60429 | H4: 673.12 | I4: 781.6 | J4: 819.84 | K4: 780.37 | L4: 737.84 | M4: 636.08 | N4: 558.88
A5: Chilled Water | B5: 346.72 | C5: 318.18 | D5: 384.53 | E5: 465.46 | F5: 430.48 | G5: 438.61182 | H5: 386.85 | I5: 386.85 | J5: 414.67 | K5: 413.84 | L5: 459.71 | M5: 546.22 | N5: 382.25
A6: Other (Pest, Maintainence, Internet, etc) | B6: 1383.28 | C6: 1443.36 | D6: 1516.53 | E6: 1460.19 | F6: 1525.3 | G6: 1570.0943 | H6: 1572.45 | I6: 1629.38 | J6: 1848.36 | K6: 1801.5 | L6: 1733.95 | M6: 1575.54 | N6: 1516.01

Sheet Deira - Hot Kitchens
A1: Description | B1: 45962 | C1: 45992 | D1: 46023 | E1: 46054 | F1: 46082
A2: Direct Gas | B2: 300.1 | C2: 284.39 | D2: 400.46 | E2: 519.13 | F2: 510.59
A3: Direct Elec | B3: 142.71 | C3: 111.95 | D3: 170.04 | E3: 217.35 | F3: 212.02
A4: Shared Electricity (Extraction (hot), AC, Common Area) | B4: 515.67 | C4: 485.95 | D4: 438.85 | E4: 346.77 | F4: 556.79
A5: Chilled Water | B5: 472.28 | C5: 352.48 | D5: 311.27 | E5: 217.18 | F5: 283.2
A6: Other (Pest, Maintainence, Internet, etc) | B6: 1346.4 | C6: 1230.11 | D6: 1359.28 | E6: 1396.35 | F6: 1514.97

Sheet DSO - Hot Kitchens
A1: Description | B1: 45717 | C1: 45748 | D1: 45778 | E1: 45809 | F1: 45839 | G1: 45870 | H1: 45901 | I1: 45931 | J1: 45962 | K1: 45992 | L1: 46023 | M1: 46054 | N1: 46082
A2: Direct Gas | B2: 1080.84 | C2: 803.17 | D2: 801.01 | E2: 874.32 | F2: 848.03 | G2: 926.92 | H2: 813.06 | I2: 1086.24 | J2: 998.36 | K2: 1298.64 | L2: 1348.12 | M2: 1216.48 | N2: 1237.02
A3: Direct Elec | B3: 229.63 | C3: 270.69 | D3: 241.56 | E3: 250.98 | F3: 225.54 | G3: 268.78 | H3: 264.21 | I3: 426.01 | J3: 312.18 | K3: 361.99 | L3: 377.12 | M3: 334.25 | N3: 357.05
A4: Shared Electricity (Extraction (hot), AC, Common Area) | B4: 997.91 | C4: 1437.27 | D4: 1631.24 | E4: 2178.58 | F4: 2723.46 | G4: 2887.78 | H4: 2597.4 | I4: 2214.03 | J4: 1767.98 | K4: 1339.98 | L4: 1094.06 | M4: 1162.71 | N4: 1313.79
A5: Chilled Water | B5: 303.9 | C5: 462.5 | D5: 463.7 | E5: 658.58 | F5: 784.45 | G5: 882.11 | H5: 789.9 | I5: 669.71 | J5: 534.28 | K5: 479.01 | L5: 345.43 | M5: 370.35 | N5: 404.7
A6: Other (Pest, Maintainence, Internet, etc) | B6: 1673.45 | C6: 1432.94 | D6: 1430.31 | E6: 1329.41 | F6: 1370.73 | G6: 1493.89 | H6: 1519.42 | I6: 1502.81 | J6: 1665.86 | K6: 1272.2 | L6: 1554.95 | M6: 1481.01 | N6: 1371.39

Sheet Deira - Cold Kitchens
A1: Description | B1: 45962 | C1: 45992 | D1: 46023 | E1: 46054 | F1: 46082
A2: Direct Gas | B2: 0 | C2: 0 | D2: 0 | E2: 0 | F2: 0
A3: Direct Elec | B3: 142.42 | C3: 123.86 | D3: 367.14 | E3: 131.15 | F3: 125.46
A4: Shared Electricity (Extraction (hot), AC, Common Area) | B4: 107.84 | C4: 101.63 | D4: 90.47 | E4: 72.52 | F4: 116.44
A5: Chilled Water | B5: 51.35 | C5: 48.39 | D5: 43.08 | E5: 34.53 | F5: 55.44
A6: Other (Pest, Maintainence, Internet, etc) | B6: 1211.22 | C6: 954.26 | D6: 894.97 | E6: 1014.99 | F6: 1003.44

Sheet DSO - Cold Kitchens
A1: Description | B1: 45717 | C1: 45748 | D1: 45778 | E1: 45809 | F1: 45839 | G1: 45870 | H1: 45901 | I1: 45931 | J1: 45962 | K1: 45992 | L1: 46023 | M1: 46054 | N1: 46082
A2: Direct Gas | B2: 0 | C2: 0 | D2: 0 | E2: 0 | F2: 0 | G2: 0 | H2: 0 | I2: 0 | J2: 0 | K2: 0 | L2: 0 | M2: 0 | N2: 0
A3: Direct Elec | B3: 94.46 | C3: 142.99 | D3: 143.19 | E3: 137.97 | F3: 139.51 | G3: 136.7425 | H3: 133.36 | I3: 498.54 | J3: 123.27 | K3: 130.59 | L3: 126.14 | M3: 116.17 | N3: 116.18
A4: Shared Electricity (Extraction (hot), AC, Common Area) | B4: 224.91 | C4: 335.55 | D4: 358.3 | E4: 500.6 | F4: 546.21 | G4: 650.86 | H4: 585.41 | I4: 499 | J4: 398.47 | K4: 296.16 | L4: 234.18 | M4: 262.05 | N4: 296.1
A5: Chilled Water | B5: 97.58 | C5: 139.07 | D5: 155.44 | E5: 217.18 | F5: 236.9 | G5: 151.29 | H5: 253.97 | I5: 116 | J5: 92.63 | K5: 160.69 | L5: 101.6 | M5: 113.69 | N5: 73.09
A6: Other (Pest, Maintainence, Internet, etc) | B6: 855.85 | C6: 920.3 | D6: 864.86 | E6: 721.72 | F6: 1053.34 | G6: 908.89 | H6: 922.42 | I6: 913.62 | J6: 996.09 | K6: 858.18 | L6: 941.26 | M6: 902.59 | N6: 844.96

Sheet IMPZ - Hot Kitchens
A1: Description | B1: 45717 | C1: 45748 | D1: 45778 | E1: 45809 | F1: 45839 | G1: 45870 | H1: 45901 | I1: 45931 | J1: 45962 | K1: 45992 | L1: 46023 | M1: 46054 | N1: 46082
A2: Direct Gas | B2: 1098.28 | C2: 1556.73 | D2: 1276.18 | E2: 1162.23 | F2: 1115.36 | G2: 1457.48 | H2: 1317.71 | I2: 1579.27 | J2: 1623.24 | K2: 1691.96 | L2: 1843.42 | M2: 2116.81 | N2: 1671.3
A3: Direct Elec | B3: 213.76 | C3: 238.58 | D3: 196.76 | E3: 184.41 | F3: 198.38 | G3: 215.22 | H3: 208.08 | I3: 185.05 | J3: 195.05 | K3: 208.4 | L3: 251.65 | M3: 289.01 | N3: 232.34
A4: Shared Electricity (Extraction (hot), AC, Common Area) | B4: 740.58 | C4: 966.12 | D4: 1326.31 | E4: 1654.87 | F4: 1949 | G4: 2620.58 | H4: 2366.19 | I4: 1768.16 | J4: 1274.86 | K4: 981.38 | L4: 927.76 | M4: 983.49 | N4: 1107.55
A5: Chilled Water | B5: 212.9 | C5: 277.73 | D5: 381.27 | E5: 418.24 | F5: 564.31 | G5: 746.65 | H5: 787.09 | I5: 612.74 | J5: 359.8 | K5: 293.02 | L5: 249.5 | M5: 290.05 | N5: 328.4
A6: Other (Pest, Maintainence, Internet, etc) | B6: 1224.74 | C6: 1288.07 | D6: 1337.14 | E6: 1391.44 | F6: 1318.32 | G6: 1342.93 | H6: 1306.57 | I6: 1272.21 | J6: 1368.91 | K6: 1360.92 | L6: 1281.83 | M6: 1297.8 | N6: 1299.88

Sheet IMPZ - Cold Kitchens
A1: Description | B1: 45717 | C1: 45748 | D1: 45778 | E1: 45809 | F1: 45839 | G1: 45870 | H1: 45901 | I1: 45931 | J1: 45962 | K1: 45992 | L1: 46023 | M1: 46054 | N1: 46082
A2: Direct Gas | B2: 0 | C2: 0 | D2: 0 | E2: 0 | F2: 0 | G2: 0 | H2: 0 | I2: 0 | J2: 0 | K2: 0 | L2: 0 | M2: 0 | N2: 0
A3: Direct Elec | B3: 158.01 | C3: 200.98 | D3: 198.21 | E3: 145.84 | F3: 156.89 | G3: 156.57 | H3: 222.48 | I3: 189.63 | J3: 223.48 | K3: 224.57 | L3: 231.15 | M3: 227.31 | N3: 221.13
A4: Shared Electricity (Extraction (hot), AC, Common Area) | B4: 144.72 | C4: 188.79 | D4: 259.17 | E4: 284.29 | F4: 380.84 | G4: 483.43 | H4: 474.78 | I4: 345.51 | J4: 221.93 | K4: 167.69 | L4: 180.39 | M4: 190.2 | N4: 215.35
A5: Chilled Water | B5: 31.56 | C5: 41.18 | D5: 56.53 | E5: 62.01 | F5: 185.54 | G5: 235.52 | H5: 220.48 | I5: 75.36 | J5: 108.12 | K5: 81.7 | L5: 39.34 | M5: 41.48 | N5: 46.97
A6: Other (Pest, Maintainence, Internet, etc) | B6: 728.34 | C6: 773.15 | D6: 794.74 | E6: 831.99 | F6: 859.46 | G6: 797.29 | H6: 781.29 | I6: 766.18 | J6: 909.72 | K6: 804.9 | L6: 770.41 | M6: 777.42 | N6: 1168.35

Sheet JLT1 - Hot Kitchens
A1: Description | B1: 45717 | C1: 45748 | D1: 45778 | E1: 45809 | F1: 45839 | G1: 45870 | H1: 45901 | I1: 45931 | J1: 45962 | K1: 45992 | L1: 46023 | M1: 46054 | N1: 46082
A2: Direct Gas | B2: 1874.23 | C2: 2425.48 | D2: 2009.48 | E2: 2047.97 | F2: 1968.53 | G2: 2482.16 | H2: 2512.76 | I2: 2383.88 | J2: 2730.08 | K2: 2588.29 | L2: 2499.8 | M2: 2259.05 | N2: 1812.28
A3: Direct Elec | B3: 360.27 | C3: 401.75 | D3: 380.17 | E3: 362.54 | F3: 412.28 | G3: 441.78 | H3: 413.86 | I3: 410.43 | J3: 449.36 | K3: 433.96 | L3: 460.18 | M3: 448.4 | N3: 366.84
A4: Shared Electricity (Extraction (hot), AC, Common Area) | B4: 753.63 | C4: 913.64 | D4: 865.32 | E4: 929.98 | F4: 1249.03 | G4: 947.13 | H4: 1207 | I4: 1376.68 | J4: 1289.96 | K4: 1286.45 | L4: 1314.53 | M4: 1417.8 | N4: 1576.36
A5: Chilled Water | B5: 892.09 | C5: 1352.45 | D5: 1869.96 | E5: 2986.56 | F5: 3849.37 | G5: 4334.04 | H5: 4094.65 | I5: 4187.3 | J5: 3553.32 | K5: 1863.07 | L5: 1633.31 | M5: 1383.97 | N5: 1693.5
A6: Other (Pest, Maintainence, Internet, etc) | B6: 1439.39 | C6: 1525.27 | D6: 1514.65 | E6: 1681.26 | F6: 1560.15 | G6: 1586.52 | H6: 1639.57 | I6: 1596.78 | J6: 1670.66 | K6: 1649.36 | L6: 1686.44 | M6: 1778.23 | N6: 1806.34

Sheet JLT1 - Cold Kitchens
A1: Description | B1: 45717 | C1: 45748 | D1: 45778 | E1: 45809 | F1: 45839 | G1: 45870 | H1: 45901 | I1: 45931 | J1: 45962 | K1: 45992 | L1: 46023 | M1: 46054 | N1: 46082
A2: Direct Gas | B2: 0 | C2: 0 | D2: 0 | E2: 0 | F2: 0 | G2: 0 | H2: 0 | I2: 0 | J2: 0 | K2: 0 | L2: 0 | M2: 0 | N2: 0
A3: Direct Elec | B3: 149.62 | C3: 167.28 | D3: 180.38 | E3: 195.8 | F3: 169.92 | G3: 195.95 | H3: 66.77 | I3: 69 | J3: 66.74 | K3: 60 | L3: 103.53 | M3: 76.1 | N3: 71.82
A4: Shared Electricity (Extraction (hot), AC, Common Area) | B4: 150.74 | C4: 182.74 | D4: 173.07 | E4: 185.81 | F4: 179.82 | G4: 169.44 | H4: 177.42 | I4: 210.42 | J4: 193.15 | K4: 192.45 | L4: 179.12 | M4: 244.67 | N4: 304.6
A5: Chilled Water | B5: 154.77 | C5: 234.64 | D5: 336.44 | E5: 888.96 | F5: 1115.12 | G5: 1255.98 | H5: 1018.42 | I5: 1104.42 | J5: 874.71 | K5: 390.49 | L5: 324.67 | M5: 280.59 | N5: 327.39
A6: Other (Pest, Maintainence, Internet, etc) | B6: 916.28 | C6: 983.81 | D6: 978.07 | E6: 1030.04 | F6: 1059.22 | G6: 1016.88 | H6: 1045.53 | I6: 1022.42 | J6: 1310.32 | K6: 1050.82 | L6: 1070.84 | M6: 1120.4 | N6: 1136.12

Sheet JLT2 - Hot Kitchens
A1: Description | B1: 45717 | C1: 45748 | D1: 45778 | E1: 45809 | F1: 45839 | G1: 45870 | H1: 45901 | I1: 45931 | J1: 45962 | K1: 45992 | L1: 46023 | M1: 46054 | N1: 46082
A2: Direct Gas | B2: 1397.62 | C2: 1382.13 | D2: 1566.48 | E2: 1025.18 | F2: 1110.49 | G2: 1186.56 | H2: 1110.22 | I2: 1332.35 | J2: 1285.37 | K2: 1199.88 | L2: 1209.06 | M2: 1588.29 | N2: 1420.15
A3: Direct Elec | B3: 321.67 | C3: 204.88 | D3: 327.58 | E3: 295.01 | F3: 265.54 | G3: 302.49 | H3: 296.16 | I3: 299.44 | J3: 300.08 | K3: 254.18 | L3: 305.52 | M3: 373.8 | N3: 338.96
A4: Shared Electricity (Extraction (hot), AC, Common Area) | B4: 666.49 | C4: 935.19 | D4: 650.75 | E4: 713.37 | F4: 786.23 | G4: 750.66 | H4: 723.79 | I4: 761.75 | J4: 708.57 | K4: 675.76 | L4: 625.73 | M4: 758.53 | N4: 736.3
A5: Chilled Water | B5: 570.93 | C5: 915.13 | D5: 1105.81 | E5: 2301.21 | F5: 2039.16 | G5: 2221.86 | H5: 2293.06 | I5: 1934.65 | J5: 1336.65 | K5: 921.99 | L5: 620.28 | M5: 538.64 | N5: 621.87
A6: Other (Pest, Maintainence, Internet, etc) | B6: 1123.14 | C6: 1173.91 | D6: 1203.21 | E6: 1424.67 | F6: 1160.41 | G6: 1193.78 | H6: 1176.04 | I6: 1194.27 | J6: 1207.48 | K6: 1193.95 | L6: 1234.85 | M6: 1252.05 | N6: 1183.78

Sheet Mirdif - Hot Kitchens
A1: Description | B1: 45717 | C1: 45748 | D1: 45778 | E1: 45809 | F1: 45839 | G1: 45870 | H1: 45901 | I1: 45931 | J1: 45962 | K1: 45992 | L1: 46023 | M1: 46054 | N1: 46082
A2: Direct Gas | B2: 492.53 | C2: 604.85125 | D2: 563.19 | E2: 575.3 | F2: 702.82 | G2: 878.49 | H2: 813.57 | I2: 766.57 | J2: 672.45 | K2: 681.08 | L2: 1013 | M2: 641.2 | N2: 435.16
A3: Direct Elec | B3: 145.83 | C3: 176.14 | D3: 188.1 | E3: 204.81 | F3: 192 | G3: 271.35 | H3: 254.1 | I3: 262.19 | J3: 242.72 | K3: 261.24 | L3: 357.39 | M3: 309.46 | N3: 246.31
A4: Shared Electricity (Extraction (hot), AC, Common Area) | B4: 396.92 | C4: 539.83 | D4: 754.79 | E4: 777.94 | F4: 1052.09 | G4: 1519.99 | H4: 1286.74 | I4: 1146.47 | J4: 961.12 | K4: 540.4 | L4: 477.03 | M4: 533.55 | N4: 529.95
A5: Chilled Water | B5: 107.24 | C5: 148.14 | D5: 204.3 | E5: 226.58 | F5: 363.35 | G5: 584.1 | H5: 364.01 | I5: 336.59 | J5: 203.44 | K5: 145.49 | L5: 133.65 | M5: 145.87 | N5: 141.63
A6: Other (Pest, Maintainence, Internet, etc) | B6: 1121.3 | C6: 1112.39 | D6: 1122.04 | E6: 1187.96 | F6: 1150.3 | G6: 1162.16 | H6: 1161.07 | I6: 1155.56 | J6: 1139.43 | K6: 1034.68 | L6: 1023.84 | M6: 1032.99 | N6: 1025.38

Sheet Mirdif - Cold Kitchens
A1: Description | B1: 45717 | C1: 45748 | D1: 45778 | E1: 45809 | F1: 45839 | G1: 45870 | H1: 45901 | I1: 45931 | J1: 45962 | K1: 45992 | L1: 46023 | M1: 46054 | N1: 46082
A2: Direct Gas | B2: 0 | C2: 0 | D2: 0 | E2: 0 | F2: 0 | G2: 0 | H2: 0 | I2: 0 | J2: 0 | K2: 0 | L2: 0 | M2: 0 | N2: 0
A3: Direct Elec | B3: 113.73 | C3: 120.34 | D3: 138.14 | E3: 163.31 | F3: 162.78 | G3: 92.88 | H3: 202.31 | I3: 216.36 | J3: 221.24 | K3: 211.55 | L3: 88.28 | M3: 132.98 | N3: 74.88
A4: Shared Electricity (Extraction (hot), AC, Common Area) | B4: 0 | C4: 186.35 | D4: 272.99 | E4: 267.24 | F4: 422.55 | G4: 537.6 | H4: 419.6 | I4: 381.77 | J4: 284.22 | K4: 163.49 | L4: 166.24 | M4: 173.91 | N4: 166.81
A5: Chilled Water | B5: 0 | C5: 69.18 | D5: 84.9 | E5: 96.38 | F5: 145.12 | G5: 183.57 | H5: 116.91 | I5: 108.93 | J5: 78.34 | K5: 57.12 | L5: 57.18 | M5: 59.12 | N5: 59.16
A6: Other (Pest, Maintainence, Internet, etc) | B6: 603 | C6: 699.28 | D6: 687.59 | E6: 666.5 | F6: 811.41 | G6: 710.05 | H6: 709.44 | I6: 706.36 | J6: 775.77 | K6: 587.18 | L6: 581.11 | M6: 586.24 | N6: 897.63

Sheet MC1 - Hot Kitchens
A1: Description | B1: 45717 | C1: 45748 | D1: 45778 | E1: 45809 | F1: 45839 | G1: 45870 | H1: 45901 | I1: 45931 | J1: 45962 | K1: 45992 | L1: 46023 | M1: 46054 | N1: 46082
A2: Direct Gas | B2: 1875.31 | C2: 2727.87 | D2: 2486.98 | E2: 2385.73 | F2: 2265.25 | G2: 2698.47 | H2: 2589.67 | I2: 2590.8 | J2: 2520 | K2: 2537.25 | L2: 2675.38 | M2: 2555.31 | N2: 2507.5
A3: Direct Elec | B3: 304.86 | C3: 423.02769 | D3: 410.5 | E3: 413.92 | F3: 416.5 | G3: 489.14 | H3: 448.1 | I3: 482.02 | J3: 433.78 | K3: 441.99 | L3: 473.74 | M3: 441.16 | N3: 437.4
A4: Shared Electricity (Extraction (hot), AC, Common Area) | B4: 865.17 | C4: 880.13 | D4: 753.62 | E4: 871.15 | F4: 818.17 | G4: 984.44 | H4: 1041.56 | I4: 842.17 | J4: 884.03 | K4: 756.16 | L4: 825.55 | M4: 1053.96 | N4: 1081.34
A5: Chilled Water | B5: 1117.54 | C5: 1658.7827 | D5: 2290.93 | E5: 2376.58 | F5: 2598.07 | G5: 3348.51 | H5: 3381.02 | I5: 2115.69 | J5: 1699.61 | K5: 1207.9 | L5: 765 | M5: 925.98 | N5: 1044.68
A6: Other (Pest, Maintainence, Internet, etc) | B6: 1832.72 | C6: 1837.68 | D6: 1817.08 | E6: 1477.02 | F6: 1770.83 | G6: 1819.6 | H6: 1948.17 | I6: 1886.31 | J6: 1945.8 | K6: 1525.2 | L6: 1955.27 | M6: 2055.59 | N6: 1979.22

Sheet MC1 - Cold Kitchens
A1: Description | B1: 45717 | C1: 45748 | D1: 45778 | E1: 45809 | F1: 45839 | G1: 45870 | H1: 45901 | I1: 45931 | J1: 45962 | K1: 45992 | L1: 46023 | M1: 46054 | N1: 46082
A2: Direct Gas | B2: 59.5 | C2: 59.5 | D2: 63.75 | E2: 51 | F2: 42.5 | G2: 42.5 | H2: 46.75 | I2: 42.5 | J2: 51 | K2: 42.5 | L2: 55.25 | M2: 59.5 | N2: 63.75
A3: Direct Elec | B3: 269.23 | C3: 309.32 | D3: 314.26 | E3: 334.88 | F3: 325.57 | G3: 331.46 | H3: 350.46 | I3: 312.08 | J3: 309.23 | K3: 283.1 | L3: 300.3 | M3: 288.8 | N3: 295.17
A4: Shared Electricity (Extraction (hot), AC, Common Area) | B4: 222.47 | C4: 247.49 | D4: 187.24 | E4: 223.89 | F4: 200.86 | G4: 239.69 | H4: 256.29 | I4: 214.21 | J4: 219.64 | K4: 187.85 | L4: 205.11 | M4: 261.86 | N4: 278.76
A5: Chilled Water | B5: 280.78 | C5: 396.87 | D5: 337.47 | E5: 351.4 | F5: 400.48 | G5: 490.08 | H5: 938.56 | I5: 349.34 | J5: 295.76 | K5: 202.73 | L5: 130.36 | M5: 154.52 | N5: 175.33
A6: Other (Pest, Maintainence, Internet, etc) | B6: 1235.35 | C6: 1245.38 | D6: 1233.43 | E6: 1192.6 | F6: 1205.74 | G6: 1235.88 | H6: =(1984.93+264.09)-938.56 -> 1310.46 | I6: 1273.58 | J6: 1278.08 | K6: 1275.23 | L6: 1313.58 | M6: 1071.76 | N6: 1327.47

Sheet MC2 - Hot Kitchens
A1: Description | B1: 45717 | C1: 45748 | D1: 45778 | E1: 45809 | F1: 45839 | G1: 45870 | H1: 45901 | I1: 45931 | J1: 45962 | K1: 45992 | L1: 46023 | M1: 46054 | N1: 46082
A2: Direct Gas | B2: 1143.79 | C2: 1484.84 | D2: 1162.62 | E2: 1052.58 | F2: 956.56 | G2: 1037.56 | H2: 1086.41 | I2: 1191 | J2: 1132.86 | K2: 1121.09 | L2: 1171.24 | M2: 1185.03 | N2: 878.01
A3: Direct Elec | B3: 293.73 | C3: 364.65 | D3: 304.05 | E3: 301.16 | F3: 286.38 | G3: 329.43 | H3: 360.39 | I3: 316.04 | J3: 358.2 | K3: 379.26 | L3: 391.54 | M3: 383.61 | N3: 346.75
A4: Shared Electricity (Extraction (hot), AC, Common Area) | B4: 567.55 | C4: 943.87 | D4: 1204.96 | E4: 1637.62 | F4: 1780.88 | G4: 2177.46 | H4: 2077.52 | I4: 1790.49 | J4: 1039.18 | K4: 795.83 | L4: 595.22 | M4: 686.74 | N4: 721.44
A5: Chilled Water | B5: 220.91 | C5: 372.29 | D5: 481.8 | E5: 693.36 | F5: 701.08 | G5: 887.17 | H5: 822.66 | I5: 713.79 | J5: 422.87 | K5: 314.2 | L5: 237.19 | M5: 292.92 | N5: 256.92
A6: Other (Pest, Maintainence, Internet, etc) | B6: 1443.92 | C6: 1441.16 | D6: 1476.22 | E6: 1401.38 | F6: 1346.29 | G6: 1364.73 | H6: 1463.38 | I6: 1405.56 | J6: 1384.59 | K6: 1343.66 | L6: 1357.9 | M6: 1385.33 | N6: 1361.73

Sheet Quoz 1 - Hot Kitchens
A1: Description | B1: 45992 | C1: 46023 | D1: 46054 | E1: 46082
A2: Direct Gas | B2: 346.76 | C2: 390.85 | D2: 496.61 | E2: 478.14
A3: Direct Elec | B3: 125.3 | C3: 169.62 | D3: 66.19 | E3: 307.92
A4: Shared Electricity (Extraction (hot), AC, Common Area) | B4: 160 | C4: 135.66 | D4: 275.49 | E4: 290.01
A5: Chilled Water | B5: 100.56 | C5: 63.79 | D5: 96.47 | E5: 109.2
A6: Other (Pest, Maintainence, Internet, etc) | B6: 1651.4 | C6: 1490.5 | D6: 1371.35 | E6: 1347.09

Sheet Quoz 2 - Hot Kitchens
A1: Description | B1: 46023 | C1: 46054 | D1: 46082
A2: Direct Gas | B2: 199.6 | C2: 1137.33 | D2: 1350.27
A3: Direct Elec | B3: 118.86 | C3: 447.58 | D3: 397.02
A4: Shared Electricity (Extraction (hot), AC, Common Area) | B4: 106.99 | C4: 324.16 | D4: 621.02
A5: Chilled Water | B5: 105.46 | C5: 161.8 | D5: 237.33
A6: Other (Pest, Maintainence, Internet, etc) | B6: 1718.21 | C6: 1472.23 | D6: 1407

Sheet Sufouh - Hot Kitchens
A1: Description | B1: 45717 | C1: 45748 | D1: 45778 | E1: 45809 | F1: 45839 | G1: 45870 | H1: 45901 | I1: 45931 | J1: 45962 | K1: 45992 | L1: 46023 | M1: 46054 | N1: 46082
A2: Direct Gas | B2: 495.56 | C2: 784.87 | D2: 863.49 | E2: 1064.12 | F2: 1083.46 | G2: 756.73 | H2: 916.17 | I2: 996.4 | J2: 764.98 | K2: 712.39 | L2: 669.55 | M2: 805.92 | N2: 525.86
A3: Direct Elec | B3: 290.08 | C3: 369.69 | D3: 354.16 | E3: 357.2 | F3: 370.68 | G3: 317.56 | H3: 358.65 | I3: 338.53 | J3: 297.3 | K3: 284.72 | L3: 260.4 | M3: 304.32 | N3: 324.93
A4: Shared Electricity (Extraction (hot), AC, Common Area) | B4: 505.55 | C4: 915.33 | D4: 1330.87 | E4: 1614.02 | F4: 2512.22 | G4: 3119.14 | H4: 2516.29 | I4: 2815.1 | J4: 2028.44 | K4: 1298.95 | L4: 1267.76 | M4: 1007.56 | N4: 999.25
A5: Chilled Water | B5: 882.49 | C5: 675.31 | D5: 828.13 | E5: 1078.94 | F5: 1078.06 | G5: 1343.92 | H5: 939.91 | I5: 540.1 | J5: 386.26 | K5: 325.79 | L5: 300.85 | M5: 333.18 | N5: 510.12
A6: Other (Pest, Maintainence, Internet, etc) | B6: 1391.51 | C6: 1432.15 | D6: 1465.29 | E6: 1317.99 | F6: 1393.84 | G6: 1384.01 | H6: 1340.24 | I6: 1349.49 | J6: 1492.8 | K6: 1484.41 | L6: 1364.65 | M6: 1336.17 | N6: 1414.66

Sheet Wafi Mall - Hot Kitchens
A1: Description | B1: 45931 | C1: 45962 | D1: 45992 | E1: 46023 | F1: 46054 | G1: 46082
A2: Direct Gas | B2: 754.34 | C2: 903.24 | D2: 690.3 | E2: 729.33 | F2: 726 | G2: 605.88
A3: Direct Elec | B3: 324.03 | C3: 348.98 | D3: 362.24 | E3: 301.05 | F3: 299.44 | G3: 262.99
A4: Shared Electricity (Extraction (hot), AC, Common Area) | B4: 390.89 | C4: 377.93 | D4: 205 | E4: 726.51 | F4: 813.42 | G4: 948.23
A5: Chilled Water | B5: 248.83 | C5: 128.8 | D5: 63.11 | E5: 200.27 | F5: 214.41 | G5: 260.21
A6: Other (Pest, Maintainence, Internet, etc) | B6: 1177.67 | C6: 1136.31 | D6: 1125.96 | E6: 1095.28 | F6: 1248.35 | G6: 1250.81

Sheet MC2 - Cold Kitchens
A1: Description | B1: 45717 | C1: 45748 | D1: 45778 | E1: 45809 | F1: 45839 | G1: 45870 | H1: 45901 | I1: 45931 | J1: 45962 | K1: 45992 | L1: 46023 | M1: 46054 | N1: 46082
A2: Direct Gas | B2: 0 | C2: 0 | D2: 0 | E2: 0 | F2: 0 | G2: 0 | H2: 0 | I2: 0 | J2: 0 | K2: 0 | L2: 0 | M2: 0 | N2: 0
A3: Direct Elec | B3: 82.07 | C3: 133.97 | D3: 121.67 | E3: 119.89 | F3: 109.75 | G3: 86.51 | H3: 11.08 | I3: 15.39 | J3: 113.21 | K3: 104.67 | L3: 128.58 | M3: 143.81 | N3: 144.61
A4: Shared Electricity (Extraction (hot), AC, Common Area) | B4: 114.82 | C4: 228.45 | D4: 243.77 | E4: 331.28 | F4: 360.28 | G4: 440.52 | H4: 420.3 | I4: 222.01 | J4: 210.24 | K4: 161 | L4: 116.16 | M4: 138.93 | N4: 165.16
A5: Chilled Water | B5: 56.52 | C5: 89.31 | D5: 119.99 | E5: 72.26 | F5: 78.58 | G5: 96.08 | H5: 208.34 | I5: 110.05 | J5: 45.85 | K5: 35.12 | L5: 25.34 | M5: 30.3 | N5: 82.48
A6: Other (Pest, Maintainence, Internet, etc) | B6: 803.98 | C6: 831.55 | D6: 862.66 | E6: 843.92 | F6: 905.49 | G6: 813.6 | H6: 857.01 | I6: 509.41 | J6: 922.18 | K6: 804.32 | L6: 810.6 | M6: 782.96 | N6: 812.28

Sheet Sufouh - Cold Kitchens
A1: Description | B1: 45717 | C1: 45748 | D1: 45778 | E1: 45809 | F1: 45839 | G1: 45870 | H1: 45901 | I1: 45931 | J1: 45962 | K1: 45992 | L1: 46023 | M1: 46054 | N1: 46082
A2: Direct Gas | B2: 0 | C2: 0 | D2: 0 | E2: 0 | F2: 0 | G2: 0 | H2: 0 | I2: 0 | J2: =I2*95% -> 0 | K2: 0 | L2: 0 | M2: 0 | N2: 0
A3: Direct Elec | B3: 66.93 | C3: 85.1 | D3: 82.8 | E3: 96.74 | F3: 93.89 | G3: 215.35 | H3: 69.57 | I3: 61.29 | J3: =I3*95% -> 58.2255 | K3: 5.69 | L3: 6 | M3: 5.97 | N3: 0
A4: Shared Electricity (Extraction (hot), AC, Common Area) | B4: 102.95 | C4: 186.39 | D4: 271.01 | E4: 328.67 | F4: 464.74 | G4: 563.9 | H4: 527.68 | I4: 593.61 | J4: =I4*95% -> 563.9295 | K4: 264.51 | L4: =1267.76-688.42 -> 579.34 | M4: 439.86 | N4: 130.85
A5: Chilled Water | B5: 133.71 | C5: 100.72 | D5: 47.9 | E5: 161.43 | F5: 161.55 | G5: 504.49 | H5: 144.19 | I5: 94.35 | J5: =I5*95% -> 89.6325 | K5: 124.97 | L5: 87.73 | M5: 96.5 | N5: 70.98
A6: Other (Pest, Maintainence, Internet, etc) | B6: 871.31 | C6: 1010.71 | D6: 935.69 | E6: 709.21 | F6: 612.2 | G6: 899.92 | H6: 880.67 | I6: 884.73 | J6: =I6*95% -> 840.4935 | K6: 873.7 | L6: 891.41 | M6: 878.88 | N6: 440.15

Sheet Wafi Mall - Cold Kitchens
A1: Description | B1: 45931 | C1: 45962 | D1: 45992 | E1: 46023 | F1: 46054 | G1: 46082
A2: Direct Gas | B2: 0 | C2: 0 | D2: 0 | E2: 0 | F2: 0 | G2: 0
A3: Direct Elec | B3: 125.29 | C3: 147.37 | D3: 140.78 | E3: 142.55 | F3: 149.84 | G3: 135.63
A4: Shared Electricity (Extraction (hot), AC, Common Area) | B4: 78.4 | C4: 75.8 | D4: 41.11 | E4: 145.39 | F4: 162.8 | G4: 189.78
A5: Chilled Water | B5: 59.87 | C5: 37.21 | D5: 20.18 | E5: 31.71 | F5: 79.86 | G5: 41.39
A6: Other (Pest, Maintainence, Internet, etc) | B6: 746.98 | C6: 714.77 | D6: 710.22 | E6: 758.32 | F6: 764.07 | G6: 765.16

Sheet LookUp
A1: Facility
A2: COL - Hot Kitchens
A3: COL - Cold Kitchens
A4: Bur1 - Hot Kitchens
A5: BB1 - Hot Kitchens
A6: BB1 - Cold Kitchens
A7: BB2 - Hot Kitchens
A8: DSO - Hot Kitchens
A9: DSO - Cold Kitchens
A10: IMPZ - Hot Kitchens
A11: IMPZ - Cold Kitchens
A12: JLT1 - Hot Kitchens
... A28: Quoz 2 - Hot Kitchens
